objectId,updatedAt,createdAt,ACL,url
NsMFB4Gfxb,Tue Jun 27 2023 15:18:50 GMT-0400 (Eastern Daylight Time),Tue Jun 27 2023 15:18:50 GMT-0400 (Eastern Daylight Time),null,https://www.domain.com/page/one
7vtxALCk2B,Tue Jun 27 2023 15:22:50 GMT-0400 (Eastern Daylight Time),Tue Jun 27 2023 15:22:50 GMT-0400 (Eastern Daylight Time),null,https://www.domain.com/page/two
RwH6VEuacL,Tue Jun 27 2023 15:31:31 GMT-0400 (Eastern Daylight Time),Tue Jun 27 2023 15:31:31 GMT-0400 (Eastern Daylight Time),null,https://learn.psycharmor.org/collections
C8QtKYUnWX,Tue Jun 27 2023 15:33:33 GMT-0400 (Eastern Daylight Time),Tue Jun 27 2023 15:33:33 GMT-0400 (Eastern Daylight Time),null,https://hvacr.elearn.network/collections?collection_id=
Ni9TxmFJvg,Tue Jun 27 2023 15:33:33 GMT-0400 (Eastern Daylight Time),Tue Jun 27 2023 15:33:33 GMT-0400 (Eastern Daylight Time),null,https://www.musikonzept.de/pages/ausbildung-musikpadagoge?utm_source=brevo&utm_campaign=Restpltze%20Ausbildung%20Fachkraft&utm_medium=email
9HBtWpBjVp,Tue Jun 27 2023 15:46:05 GMT-0400 (Eastern Daylight Time),Tue Jun 27 2023 15:46:05 GMT-0400 (Eastern Daylight Time),null,https://www.musikonzept.de/enrollments
7jEAAd3HC2,Tue Jun 27 2023 15:46:22 GMT-0400 (Eastern Daylight Time),Tue Jun 27 2023 15:46:22 GMT-0400 (Eastern Daylight Time),null,https://www.musikonzept.de/enrollments?collection_id=326717
nMUboIzobx,Tue Jun 27 2023 15:49:46 GMT-0400 (Eastern Daylight Time),Tue Jun 27 2023 15:49:46 GMT-0400 (Eastern Daylight Time),null,https://www.musikonzept.de/enrollments?collection_id=883066
waTjPcCi9y,Tue Jun 27 2023 15:50:39 GMT-0400 (Eastern Daylight Time),Tue Jun 27 2023 15:50:39 GMT-0400 (Eastern Daylight Time),null,https://www.musikonzept.de/enrollments?collection_id=326916
AuBAP7PDJP,Tue Jun 27 2023 16:06:16 GMT-0400 (Eastern Daylight Time),Tue Jun 27 2023 16:06:16 GMT-0400 (Eastern Daylight Time),null,https://hvacr.elearn.network/collections
1RsW5G4ao8,Tue Jun 27 2023 16:24:12 GMT-0400 (Eastern Daylight Time),Tue Jun 27 2023 16:24:12 GMT-0400 (Eastern Daylight Time),null,https://www.musikonzept.de/pages/ausbildung-musikpadagoge?edited_at=2023-06-27T15:05:39Z
Adpk7WyH8y,Tue Jun 27 2023 17:18:08 GMT-0400 (Eastern Daylight Time),Tue Jun 27 2023 17:18:08 GMT-0400 (Eastern Daylight Time),null,https://gkc.go2.org/pages/resource-library
76w4O9P2I6,Tue Jun 27 2023 17:31:34 GMT-0400 (Eastern Daylight Time),Tue Jun 27 2023 17:31:34 GMT-0400 (Eastern Daylight Time),null,https://gkc.go2.org/pages/resource-library?edited_at=2023-06-27T21:11:48Z
riwhB6Lhf2,Tue Jun 27 2023 17:35:02 GMT-0400 (Eastern Daylight Time),Tue Jun 27 2023 17:35:02 GMT-0400 (Eastern Daylight Time),null,https://www.musikonzept.de/pages/ausbildung-musikpadagoge
VPEB2K1mhE,Tue Jun 27 2023 18:03:21 GMT-0400 (Eastern Daylight Time),Tue Jun 27 2023 18:03:21 GMT-0400 (Eastern Daylight Time),null,https://learning.brainygirlu.com/pages/on-demand-tutorials-resources-for-course-creators?fbclid=IwAR3Tvd0RlWlnPIx2trRkDPXLOhlTuB_-1nOSbXcghcSDWuyviYulsm7sQJQ
Fj0SSLGwao,Tue Jun 27 2023 18:24:23 GMT-0400 (Eastern Daylight Time),Tue Jun 27 2023 18:24:23 GMT-0400 (Eastern Daylight Time),null,https://gkc.go2.org/pages/resource-library?edited_at=2023-06-27T21:32:58Z
D2x8Kfnqvf,Tue Jun 27 2023 18:48:55 GMT-0400 (Eastern Daylight Time),Tue Jun 27 2023 18:48:55 GMT-0400 (Eastern Daylight Time),null,https://www.nocdacademy.com/pages/contributors
txHvfBQ2si,Tue Jun 27 2023 19:07:52 GMT-0400 (Eastern Daylight Time),Tue Jun 27 2023 19:07:52 GMT-0400 (Eastern Daylight Time),null,https://childhealthbc.thinkific.com/pages/resource-library?edited_at=2023-06-27T19:37:52Z
epBJKlByfc,Tue Jun 27 2023 19:15:11 GMT-0400 (Eastern Daylight Time),Tue Jun 27 2023 19:15:11 GMT-0400 (Eastern Daylight Time),null,https://dzimirsky.hyperrealism-art.com/enrollments
3aMFNPV4FZ,Tue Jun 27 2023 19:56:10 GMT-0400 (Eastern Daylight Time),Tue Jun 27 2023 19:56:10 GMT-0400 (Eastern Daylight Time),null,https://www.intheworkshub.com/pages/all-about-harm-reduction-handouts
rpMJWsWJkv,Tue Jun 27 2023 19:56:21 GMT-0400 (Eastern Daylight Time),Tue Jun 27 2023 19:56:21 GMT-0400 (Eastern Daylight Time),null,https://www.jewellerytrainingsolutions.com.au/pages/jts-library
6tbTDUg0RC,Tue Jun 27 2023 21:02:55 GMT-0400 (Eastern Daylight Time),Tue Jun 27 2023 21:02:55 GMT-0400 (Eastern Daylight Time),null,https://learn.psycharmor.org/collections?gclid=CjwKCAjwkeqkBhAnEiwA5U-uM_W_jZTV8B1-ed3GqOdTZsAmrzFCQ3JVyYRrUETPNp1Qz_iesTyYWhoC6WMQAvD_BwE
6NEBrZiFi9,Tue Jun 27 2023 21:17:08 GMT-0400 (Eastern Daylight Time),Tue Jun 27 2023 21:17:08 GMT-0400 (Eastern Daylight Time),null,https://www.musikonzept.de/collections?
xjrHqrEZrW,Wed Jun 28 2023 01:25:17 GMT-0400 (Eastern Daylight Time),Wed Jun 28 2023 01:25:17 GMT-0400 (Eastern Daylight Time),null,https://www.musikonzept.de/enrollments?error=Sie%20sind%20bereits%20eingeschrieben%20in%20Klara%201%20%7C%20Silke%20Friedmann%20%7C%20Mi%2015%3A20%20und%20Fr%2017%3A00%20Uhr
1fBPYHIiIi,Wed Jun 28 2023 02:28:36 GMT-0400 (Eastern Daylight Time),Wed Jun 28 2023 02:28:36 GMT-0400 (Eastern Daylight Time),null,https://www.elternacademy.com/collections
QKcpjtEr2C,Wed Jun 28 2023 03:33:06 GMT-0400 (Eastern Daylight Time),Wed Jun 28 2023 03:33:06 GMT-0400 (Eastern Daylight Time),null,https://hvacr.elearn.network/collections?category=courses&page=2
lEc54IFqqE,Wed Jun 28 2023 04:59:18 GMT-0400 (Eastern Daylight Time),Wed Jun 28 2023 04:59:18 GMT-0400 (Eastern Daylight Time),null,https://www.musikonzept.de/collections
uUgMRDCNAk,Wed Jun 28 2023 07:53:01 GMT-0400 (Eastern Daylight Time),Wed Jun 28 2023 07:53:01 GMT-0400 (Eastern Daylight Time),null,https://learn.psycharmor.org/collections/courses
5HxeBqkI2K,Wed Jun 28 2023 08:04:04 GMT-0400 (Eastern Daylight Time),Wed Jun 28 2023 08:04:04 GMT-0400 (Eastern Daylight Time),null,https://sitepagetemplates.thinkific.com/pages/kapowspt-test
wqIaLs24TJ,Wed Jun 28 2023 08:24:34 GMT-0400 (Eastern Daylight Time),Wed Jun 28 2023 08:24:34 GMT-0400 (Eastern Daylight Time),null,https://sitepagetemplates.thinkific.com/pages/my-resource-library
FkEf4juFoJ,Wed Jun 28 2023 08:43:26 GMT-0400 (Eastern Daylight Time),Wed Jun 28 2023 08:43:26 GMT-0400 (Eastern Daylight Time),null,https://hvacr.elearn.network/collections/courses
tICYCQ3pow,Wed Jun 28 2023 09:59:39 GMT-0400 (Eastern Daylight Time),Wed Jun 28 2023 09:59:39 GMT-0400 (Eastern Daylight Time),null,https://www.ap-association.org.uk/pages/resource-library
jCort16ILr,Wed Jun 28 2023 10:18:56 GMT-0400 (Eastern Daylight Time),Wed Jun 28 2023 10:18:56 GMT-0400 (Eastern Daylight Time),null,https://www.superpowerups.com/pages/site-page-templates
iUsSCIF2UF,Wed Jun 28 2023 11:00:21 GMT-0400 (Eastern Daylight Time),Wed Jun 28 2023 11:00:21 GMT-0400 (Eastern Daylight Time),null,https://academity.thinkific.com/pages/georgetown-isd-academity
ulTrWWogTC,Wed Jun 28 2023 11:17:04 GMT-0400 (Eastern Daylight Time),Wed Jun 28 2023 11:17:04 GMT-0400 (Eastern Daylight Time),null,https://courses.slpnerdcast.com/pages/resource-library
kduvc2nfQT,Wed Jun 28 2023 11:49:38 GMT-0400 (Eastern Daylight Time),Wed Jun 28 2023 11:49:38 GMT-0400 (Eastern Daylight Time),null,https://kurs.skripteekof.com/pages/skripte-ekof-katalog
R10DW14rr6,Wed Jun 28 2023 11:59:26 GMT-0400 (Eastern Daylight Time),Wed Jun 28 2023 11:59:26 GMT-0400 (Eastern Daylight Time),null,https://learning.brainygirlu.com/pages/on-demand-tutorials-resources-for-course-creators
154UuWWYJC,Wed Jun 28 2023 12:34:07 GMT-0400 (Eastern Daylight Time),Wed Jun 28 2023 12:34:07 GMT-0400 (Eastern Daylight Time),null,https://www.elternacademy.com/enrollments
CxuJlCeDju,Wed Jun 28 2023 13:11:34 GMT-0400 (Eastern Daylight Time),Wed Jun 28 2023 13:11:34 GMT-0400 (Eastern Daylight Time),null,https://courses.theimdojo.com/pages/resource-library
MQoS4LuL2t,Wed Jun 28 2023 13:13:54 GMT-0400 (Eastern Daylight Time),Wed Jun 28 2023 13:13:54 GMT-0400 (Eastern Daylight Time),null,https://hvacr.elearn.network/pages/test-resource-feature
cMbXYdAmfy,Wed Jun 28 2023 13:52:03 GMT-0400 (Eastern Daylight Time),Wed Jun 28 2023 13:52:03 GMT-0400 (Eastern Daylight Time),null,https://childhealthbc.thinkific.com/pages/resource-library
vUsOBYsLZ3,Wed Jun 28 2023 15:13:54 GMT-0400 (Eastern Daylight Time),Wed Jun 28 2023 15:13:54 GMT-0400 (Eastern Daylight Time),null,https://childhealthbc.thinkific.com/manage/site_builder/Q3VzdG9tU2l0ZVRoZW1lLTM3OTc4Nw==/custom/Q3VzdG9tUGFnZS0xODE2Nzg0
ywt9rUHR3F,Wed Jun 28 2023 15:52:50 GMT-0400 (Eastern Daylight Time),Wed Jun 28 2023 15:52:50 GMT-0400 (Eastern Daylight Time),null,https://sitepagetemplates.thinkific.com/pages/spt-image-cards-collection-demo
uqnPrxqWYt,Wed Jun 28 2023 15:58:09 GMT-0400 (Eastern Daylight Time),Wed Jun 28 2023 15:58:09 GMT-0400 (Eastern Daylight Time),null,https://hvacr.elearn.network/manage/site_builder/Q3VzdG9tU2l0ZVRoZW1lLTM3Mzk2OQ==/custom/Q3VzdG9tUGFnZS0xODIzNDQ2
4TkPcEeLTE,Wed Jun 28 2023 16:26:25 GMT-0400 (Eastern Daylight Time),Wed Jun 28 2023 16:26:25 GMT-0400 (Eastern Daylight Time),null,https://www.lyfecourse.com/pages/resource-library
brakTCKpgA,Wed Jun 28 2023 16:26:26 GMT-0400 (Eastern Daylight Time),Wed Jun 28 2023 16:26:26 GMT-0400 (Eastern Daylight Time),null,https://www.lyfecourse.com/pages/case-studies
o2HFtsgwhj,Wed Jun 28 2023 19:20:47 GMT-0400 (Eastern Daylight Time),Wed Jun 28 2023 19:20:47 GMT-0400 (Eastern Daylight Time),null,https://www.yasafburshan.com/pages/resources-for-creators
0CyTCA8Hr9,Wed Jun 28 2023 23:10:48 GMT-0400 (Eastern Daylight Time),Wed Jun 28 2023 23:10:48 GMT-0400 (Eastern Daylight Time),null,https://www.comeetly.com/pages/actividades
5J2EO8Hphj,Thu Jun 29 2023 10:44:16 GMT-0400 (Eastern Daylight Time),Thu Jun 29 2023 10:44:16 GMT-0400 (Eastern Daylight Time),null,https://www.academity.org/pages/georgetown-isd-academity
EAMiaetMM7,Thu Jun 29 2023 12:45:01 GMT-0400 (Eastern Daylight Time),Thu Jun 29 2023 12:45:01 GMT-0400 (Eastern Daylight Time),null,https://academy.worlds.io/pages/resources
P9L3J4Pkkl,Thu Jun 29 2023 14:56:38 GMT-0400 (Eastern Daylight Time),Thu Jun 29 2023 14:56:38 GMT-0400 (Eastern Daylight Time),null,https://www.cwtacademy.com/pages/resource-library
3L3HKz76Di,Thu Jun 29 2023 15:24:06 GMT-0400 (Eastern Daylight Time),Thu Jun 29 2023 15:24:06 GMT-0400 (Eastern Daylight Time),null,https://www.catedraeducacion.com/pages/recursos
3uVaoCErVm,Thu Jun 29 2023 17:34:55 GMT-0400 (Eastern Daylight Time),Thu Jun 29 2023 17:34:55 GMT-0400 (Eastern Daylight Time),null,https://edquest.vgpvet.com/pages/resource-page
1WNUu3IWF6,Fri Jun 30 2023 02:04:45 GMT-0400 (Eastern Daylight Time),Fri Jun 30 2023 02:04:45 GMT-0400 (Eastern Daylight Time),null,https://www.musikonzept.de/enrollments/
hWX6jwtCFX,Fri Jun 30 2023 12:41:00 GMT-0400 (Eastern Daylight Time),Fri Jun 30 2023 12:41:00 GMT-0400 (Eastern Daylight Time),null,https://gdtsonlinecourses.godiscipleshipschool.com/pages/resource-library
9q8Qd35MGP,Fri Jun 30 2023 15:41:40 GMT-0400 (Eastern Daylight Time),Fri Jun 30 2023 15:41:40 GMT-0400 (Eastern Daylight Time),null,https://www.learn.collaboratorycareerhub.com/pages/resources
zvNfcvW583,Fri Jun 30 2023 15:53:18 GMT-0400 (Eastern Daylight Time),Fri Jun 30 2023 15:53:18 GMT-0400 (Eastern Daylight Time),null,https://www.elternacademy.com/collections/courses
uwnRNpj9Dl,Fri Jun 30 2023 20:46:49 GMT-0400 (Eastern Daylight Time),Fri Jun 30 2023 20:46:49 GMT-0400 (Eastern Daylight Time),null,https://academity.thinkific.com/pages/differentiation-for-advanced-learners-ysleta-isd-summer-2023
DfBdB8mqx9,Fri Jun 30 2023 23:39:34 GMT-0400 (Eastern Daylight Time),Fri Jun 30 2023 23:39:34 GMT-0400 (Eastern Daylight Time),null,https://hvacr.elearn.network/collections/prokup-media
hPZreAUTVS,Sat Jul 01 2023 02:32:12 GMT-0400 (Eastern Daylight Time),Sat Jul 01 2023 02:32:12 GMT-0400 (Eastern Daylight Time),null,https://miss-behaviour-dog-training-services.thinkific.com/pages/resource-library
ZGwOV17Qqu,Mon Jul 03 2023 06:00:58 GMT-0400 (Eastern Daylight Time),Mon Jul 03 2023 06:00:58 GMT-0400 (Eastern Daylight Time),null,https://www.musikonzept.de/pages/home
JrZEKpKQpF,Tue Jul 04 2023 01:36:20 GMT-0400 (Eastern Daylight Time),Tue Jul 04 2023 01:36:20 GMT-0400 (Eastern Daylight Time),null,https://www.aptyprep.com/courses/comeetly
KlSjbmlB4k,Tue Jul 04 2023 04:50:55 GMT-0400 (Eastern Daylight Time),Tue Jul 04 2023 04:50:55 GMT-0400 (Eastern Daylight Time),null,https://www.musikonzept.de/collections/courses
axiYvaDrl3,Tue Jul 04 2023 11:20:40 GMT-0400 (Eastern Daylight Time),Tue Jul 04 2023 11:20:40 GMT-0400 (Eastern Daylight Time),null,https://www.musikonzept.de/pages/home2
DR6mXjavct,Wed Jul 05 2023 11:54:48 GMT-0400 (Eastern Daylight Time),Wed Jul 05 2023 11:54:48 GMT-0400 (Eastern Daylight Time),null,https://humanitariandata.thinkific.com/courses/template-course
w1sAaNXbOE,Wed Jul 05 2023 12:17:15 GMT-0400 (Eastern Daylight Time),Wed Jul 05 2023 12:17:15 GMT-0400 (Eastern Daylight Time),null,https://projects.stayathomechoir.com/pages/singplus-resources
WYwzMMv0ef,Wed Jul 05 2023 16:27:15 GMT-0400 (Eastern Daylight Time),Wed Jul 05 2023 16:27:15 GMT-0400 (Eastern Daylight Time),null,https://gkc.go2.org/pages/resource-library/
jVkTUhZ50Z,Wed Jul 05 2023 16:41:12 GMT-0400 (Eastern Daylight Time),Wed Jul 05 2023 16:41:12 GMT-0400 (Eastern Daylight Time),null,https://sitepagetemplates.thinkific.com/
tp0Tk3ylBj,Wed Jul 05 2023 17:23:02 GMT-0400 (Eastern Daylight Time),Wed Jul 05 2023 17:23:02 GMT-0400 (Eastern Daylight Time),null,https://hvacr.elearn.network/pages/did-you-know-podcast
Fl2XnIfgo0,Wed Jul 05 2023 18:30:12 GMT-0400 (Eastern Daylight Time),Wed Jul 05 2023 18:30:12 GMT-0400 (Eastern Daylight Time),null,https://sitepagetemplates.thinkific.com/pages/my-awesome-spt-page
ZDZeDPF7Gt,Thu Jul 06 2023 06:21:17 GMT-0400 (Eastern Daylight Time),Thu Jul 06 2023 06:21:17 GMT-0400 (Eastern Daylight Time),null,https://courses.yogabelliesschool.com/pages/class-plans
Yow6lADXR4,Thu Jul 06 2023 12:01:45 GMT-0400 (Eastern Daylight Time),Thu Jul 06 2023 12:01:45 GMT-0400 (Eastern Daylight Time),null,https://ignite.coachkym.com/pages/resource-library
To6fUxBcnd,Thu Jul 06 2023 16:34:01 GMT-0400 (Eastern Daylight Time),Thu Jul 06 2023 16:34:01 GMT-0400 (Eastern Daylight Time),null,https://spillpiano.thinkific.com/pages/resource
gm9vD5mBrM,Thu Jul 06 2023 20:33:29 GMT-0400 (Eastern Daylight Time),Thu Jul 06 2023 20:33:29 GMT-0400 (Eastern Daylight Time),null,https://www.superpowerups.com/pages/site-page-templates-just-installed
dqd4eGkWgi,Thu Jul 06 2023 20:34:43 GMT-0400 (Eastern Daylight Time),Thu Jul 06 2023 20:34:43 GMT-0400 (Eastern Daylight Time),null,https://www.superpowerups.com/pages/image-cards-spt-collection-just-installed
ohj7FeKeNh,Thu Jul 06 2023 20:35:02 GMT-0400 (Eastern Daylight Time),Thu Jul 06 2023 20:35:02 GMT-0400 (Eastern Daylight Time),null,https://www.superpowerups.com/pages/icon-sections-spt-collection-just-installed
ne2d52Osnk,Thu Jul 06 2023 20:35:15 GMT-0400 (Eastern Daylight Time),Thu Jul 06 2023 20:35:15 GMT-0400 (Eastern Daylight Time),null,https://www.superpowerups.com/pages/logo-sections-spt-collection-just-installed
6hJzy5629r,Thu Jul 06 2023 20:35:38 GMT-0400 (Eastern Daylight Time),Thu Jul 06 2023 20:35:38 GMT-0400 (Eastern Daylight Time),null,https://www.superpowerups.com/pages/popup-sections-spt-collection-just-installed
rEz2Gf5CiS,Thu Jul 06 2023 20:35:50 GMT-0400 (Eastern Daylight Time),Thu Jul 06 2023 20:35:50 GMT-0400 (Eastern Daylight Time),null,https://www.superpowerups.com/pages/pricing-sections-spt-collection-just-installed
ZGPF8DkPHS,Thu Jul 06 2023 20:36:03 GMT-0400 (Eastern Daylight Time),Thu Jul 06 2023 20:36:03 GMT-0400 (Eastern Daylight Time),null,https://www.superpowerups.com/pages/text-and-media-sections-spt-collection-just-installed
7uxGnRcIOC,Fri Jul 07 2023 08:21:20 GMT-0400 (Eastern Daylight Time),Fri Jul 07 2023 08:21:20 GMT-0400 (Eastern Daylight Time),null,https://realmomentum.thinkific.com/pages/real-momentum-membership
P854hLBXvx,Fri Jul 07 2023 08:22:55 GMT-0400 (Eastern Daylight Time),Fri Jul 07 2023 08:22:55 GMT-0400 (Eastern Daylight Time),null,https://guilherme-s-site-9b97.thinkific.com/pages/recursos
tAaBzE2sxv,Fri Jul 07 2023 09:23:28 GMT-0400 (Eastern Daylight Time),Fri Jul 07 2023 09:23:28 GMT-0400 (Eastern Daylight Time),null,https://realmomentum.thinkific.com/pages/real-momentum-academy
BmJn7DRxhN,Fri Jul 07 2023 09:33:16 GMT-0400 (Eastern Daylight Time),Fri Jul 07 2023 09:33:16 GMT-0400 (Eastern Daylight Time),null,https://realmomentum.thinkific.com/pages/real-momentum-meet-the-experts
gBdCchHa5A,Fri Jul 07 2023 09:53:59 GMT-0400 (Eastern Daylight Time),Fri Jul 07 2023 09:53:59 GMT-0400 (Eastern Daylight Time),null,https://realmomentum.thinkific.com/pages/situational-real-estate
qS6E91LG0E,Fri Jul 07 2023 10:06:10 GMT-0400 (Eastern Daylight Time),Fri Jul 07 2023 10:06:10 GMT-0400 (Eastern Daylight Time),null,https://realmomentum.thinkific.com/pages/role-play
y3mj9NLHCR,Fri Jul 07 2023 10:15:33 GMT-0400 (Eastern Daylight Time),Fri Jul 07 2023 10:15:33 GMT-0400 (Eastern Daylight Time),null,https://realmomentum.thinkific.com/pages/accountability
GyVM228DeS,Fri Jul 07 2023 10:19:33 GMT-0400 (Eastern Daylight Time),Fri Jul 07 2023 10:19:33 GMT-0400 (Eastern Daylight Time),null,https://realmomentum.thinkific.com/pages/podcast
31dntfzlPv,Fri Jul 07 2023 11:08:03 GMT-0400 (Eastern Daylight Time),Fri Jul 07 2023 11:08:03 GMT-0400 (Eastern Daylight Time),null,https://realmomentum.thinkific.com/enrollments
KM4QZ8JSJy,Fri Jul 07 2023 11:23:30 GMT-0400 (Eastern Daylight Time),Fri Jul 07 2023 11:23:30 GMT-0400 (Eastern Daylight Time),null,https://realmomentum.thinkific.com/pages/elevated-agent
7OJofcoc3A,Fri Jul 07 2023 11:41:35 GMT-0400 (Eastern Daylight Time),Fri Jul 07 2023 11:41:35 GMT-0400 (Eastern Daylight Time),null,https://humanitariandata.thinkific.com/courses/data-class-online
D41RdEbKAZ,Fri Jul 07 2023 13:56:28 GMT-0400 (Eastern Daylight Time),Fri Jul 07 2023 13:56:28 GMT-0400 (Eastern Daylight Time),null,https://sitepagetemplates.thinkific.com/pages/spt-icons
STH8942nGe,Fri Jul 07 2023 14:48:36 GMT-0400 (Eastern Daylight Time),Fri Jul 07 2023 14:48:36 GMT-0400 (Eastern Daylight Time),null,https://sitepagetemplates.thinkific.com/pages/new-resource-library
sxZvLZPfwz,Fri Jul 07 2023 16:08:03 GMT-0400 (Eastern Daylight Time),Fri Jul 07 2023 16:08:03 GMT-0400 (Eastern Daylight Time),null,https://courses.onlineyoga.school/pages/new-resource-library
YLwiyuoXBQ,Sat Jul 08 2023 05:17:17 GMT-0400 (Eastern Daylight Time),Sat Jul 08 2023 05:17:17 GMT-0400 (Eastern Daylight Time),null,https://www.elternacademy.com/pages/home-neu
U82yCNm58D,Sat Jul 08 2023 16:09:28 GMT-0400 (Eastern Daylight Time),Sat Jul 08 2023 16:09:28 GMT-0400 (Eastern Daylight Time),null,https://www.superpowerups.com/pages/spt-collection-demo-image-cards
2qV3qqXhyQ,Sat Jul 08 2023 16:46:39 GMT-0400 (Eastern Daylight Time),Sat Jul 08 2023 16:46:39 GMT-0400 (Eastern Daylight Time),null,https://sitepagetemplates.thinkific.com/pages/example-resource-page
o1UzoPry3m,Sat Jul 08 2023 18:10:25 GMT-0400 (Eastern Daylight Time),Sat Jul 08 2023 18:10:25 GMT-0400 (Eastern Daylight Time),null,https://www.superpowerups.com/pages/spt-collection-demo-icons
Y2FjiZSkja,Sun Jul 09 2023 13:57:21 GMT-0400 (Eastern Daylight Time),Sun Jul 09 2023 13:57:21 GMT-0400 (Eastern Daylight Time),null,https://www.superpowerups.com/pages/spt-collection-demo-logos
pORvnsxm8K,Sun Jul 09 2023 14:45:21 GMT-0400 (Eastern Daylight Time),Sun Jul 09 2023 14:45:21 GMT-0400 (Eastern Daylight Time),null,https://www.superpowerups.com/pages/spt-collection-demo-pricing
J9W4gQI5xk,Sun Jul 09 2023 15:05:44 GMT-0400 (Eastern Daylight Time),Sun Jul 09 2023 15:05:44 GMT-0400 (Eastern Daylight Time),null,https://www.superpowerups.com/pages/spt-collection-demo-text-media
4A8GWXS04i,Sun Jul 09 2023 17:13:28 GMT-0400 (Eastern Daylight Time),Sun Jul 09 2023 17:13:28 GMT-0400 (Eastern Daylight Time),null,https://www.superpowerups.com/pages/install-site-page-templates
7kTkyQ3bwa,Mon Jul 10 2023 04:38:18 GMT-0400 (Eastern Daylight Time),Mon Jul 10 2023 04:38:18 GMT-0400 (Eastern Daylight Time),null,https://www.yasafburshan.com/collections
y0mo0XgcUb,Mon Jul 10 2023 09:12:58 GMT-0400 (Eastern Daylight Time),Mon Jul 10 2023 09:12:58 GMT-0400 (Eastern Daylight Time),null,https://www.superpowerups.com/pages/site-page-templates-live-demos
UUgydthFgu,Mon Jul 10 2023 11:18:24 GMT-0400 (Eastern Daylight Time),Mon Jul 10 2023 11:18:24 GMT-0400 (Eastern Daylight Time),null,https://www.superpowerups.com/pages/site-page-templates-just-installed/
LhgspKcXcg,Mon Jul 10 2023 13:14:00 GMT-0400 (Eastern Daylight Time),Mon Jul 10 2023 13:14:00 GMT-0400 (Eastern Daylight Time),null,https://www.superpowerups.com/pages/sampler-spt-collection-just-installed
cryfBJybo9,Mon Jul 10 2023 15:41:12 GMT-0400 (Eastern Daylight Time),Mon Jul 10 2023 15:41:12 GMT-0400 (Eastern Daylight Time),null,https://courses.ryanserhant.com/pages/new-webinars-replays-page
iPxnVYtmC1,Mon Jul 10 2023 17:25:28 GMT-0400 (Eastern Daylight Time),Mon Jul 10 2023 17:25:28 GMT-0400 (Eastern Daylight Time),null,https://www.superpowerups.com/pages/spt-collection-demo-sampler-sections
TWKxJdbVCw,Tue Jul 11 2023 00:09:50 GMT-0400 (Eastern Daylight Time),Tue Jul 11 2023 00:09:50 GMT-0400 (Eastern Daylight Time),null,https://www.comeetly.com/
tK0Xw6tf5T,Tue Jul 11 2023 01:48:23 GMT-0400 (Eastern Daylight Time),Tue Jul 11 2023 01:48:23 GMT-0400 (Eastern Daylight Time),null,https://www.musikonzept.de/pages/spt
mUh7x3OwEi,Tue Jul 11 2023 02:41:25 GMT-0400 (Eastern Daylight Time),Tue Jul 11 2023 02:41:25 GMT-0400 (Eastern Daylight Time),null,https://www.comeetly.com/pages/contactanos
A28KJQWmGc,Tue Jul 11 2023 04:13:25 GMT-0400 (Eastern Daylight Time),Tue Jul 11 2023 04:13:25 GMT-0400 (Eastern Daylight Time),null,https://www.musikonzept.de/courses/Vokalissimo
fa2OoT2uwG,Tue Jul 11 2023 04:25:52 GMT-0400 (Eastern Daylight Time),Tue Jul 11 2023 04:25:52 GMT-0400 (Eastern Daylight Time),null,https://www.comeetly.com/pages/precios
IoDH4tiM27,Tue Jul 11 2023 04:59:47 GMT-0400 (Eastern Daylight Time),Tue Jul 11 2023 04:59:47 GMT-0400 (Eastern Daylight Time),null,https://www.musikonzept.de/
xclRedB9wW,Tue Jul 11 2023 05:50:00 GMT-0400 (Eastern Daylight Time),Tue Jul 11 2023 05:50:00 GMT-0400 (Eastern Daylight Time),null,https://flowbyjenny.thinkific.com/pages/mixed-media-resource-library
dOxyiSoHJN,Tue Jul 11 2023 05:53:14 GMT-0400 (Eastern Daylight Time),Tue Jul 11 2023 05:53:14 GMT-0400 (Eastern Daylight Time),null,https://humanitariandata.thinkific.com/courses/template-course-of-mastering-form-design-in-kobotoolbox-june-2023
Di1HOp2wOe,Tue Jul 11 2023 07:54:38 GMT-0400 (Eastern Daylight Time),Tue Jul 11 2023 07:54:38 GMT-0400 (Eastern Daylight Time),null,https://www.superpowerups.com/pages/spt-demo-backgrounds
qUsqhkPSNr,Tue Jul 11 2023 11:31:11 GMT-0400 (Eastern Daylight Time),Tue Jul 11 2023 11:31:11 GMT-0400 (Eastern Daylight Time),null,https://www.musikonzept.de/courses/gitarren-club
2EPG2O0eMY,Tue Jul 11 2023 12:00:14 GMT-0400 (Eastern Daylight Time),Tue Jul 11 2023 12:00:14 GMT-0400 (Eastern Daylight Time),null,https://www.musikonzept.de/courses/ukulissimo
shNsQR4wh1,Tue Jul 11 2023 13:17:49 GMT-0400 (Eastern Daylight Time),Tue Jul 11 2023 13:17:49 GMT-0400 (Eastern Daylight Time),null,https://regenerative-practices-education.thinkific.com/pages/resource-library
afFjltGHPN,Tue Jul 11 2023 16:31:44 GMT-0400 (Eastern Daylight Time),Tue Jul 11 2023 16:31:44 GMT-0400 (Eastern Daylight Time),null,https://sitepagetemplates-dev.thinkific.com/
gFL83D15yZ,Tue Jul 11 2023 16:45:07 GMT-0400 (Eastern Daylight Time),Tue Jul 11 2023 16:45:07 GMT-0400 (Eastern Daylight Time),null,https://sitepagetemplates-dev.thinkific.com/pages/my-resource-library
UmdANANe60,Tue Jul 11 2023 16:45:11 GMT-0400 (Eastern Daylight Time),Tue Jul 11 2023 16:45:11 GMT-0400 (Eastern Daylight Time),null,https://sitepagetemplates-dev.thinkific.com/pages/example-resource-page
auFIzpi1zW,Tue Jul 11 2023 16:45:11 GMT-0400 (Eastern Daylight Time),Tue Jul 11 2023 16:45:11 GMT-0400 (Eastern Daylight Time),null,https://sitepagetemplates-dev.thinkific.com/pages/new-resource-library
g1GJQ7AGok,Tue Jul 11 2023 17:54:31 GMT-0400 (Eastern Daylight Time),Tue Jul 11 2023 17:54:31 GMT-0400 (Eastern Daylight Time),null,https://sitepagetemplates-dev.thinkific.com/collections
eRd7Ugz7Bk,Tue Jul 11 2023 18:05:47 GMT-0400 (Eastern Daylight Time),Tue Jul 11 2023 18:05:47 GMT-0400 (Eastern Daylight Time),null,https://www.regendocs.academy/pages/resource-library
ihYjG30KII,Tue Jul 11 2023 18:26:19 GMT-0400 (Eastern Daylight Time),Tue Jul 11 2023 18:26:19 GMT-0400 (Eastern Daylight Time),null,https://flowbyjenny.thinkific.com/pages/test
f19Tvi02xE,Tue Jul 11 2023 18:50:11 GMT-0400 (Eastern Daylight Time),Tue Jul 11 2023 18:50:11 GMT-0400 (Eastern Daylight Time),null,https://flowbyjenny.thinkific.com/enrollments
hEDHq7b9H0,Wed Jul 12 2023 04:33:47 GMT-0400 (Eastern Daylight Time),Wed Jul 12 2023 04:33:47 GMT-0400 (Eastern Daylight Time),null,https://www.yasafburshan.com/collections/courses
HCIIKBPrhH,Wed Jul 12 2023 07:54:21 GMT-0400 (Eastern Daylight Time),Wed Jul 12 2023 07:54:21 GMT-0400 (Eastern Daylight Time),null,https://courses.ryanserhant.com/pages/monthly-training
hm9c0bKmkb,Wed Jul 12 2023 11:11:49 GMT-0400 (Eastern Daylight Time),Wed Jul 12 2023 11:11:49 GMT-0400 (Eastern Daylight Time),null,https://sitepagetemplates-dev.thinkific.com/enrollments
6u0VUYO1K8,Wed Jul 12 2023 13:03:28 GMT-0400 (Eastern Daylight Time),Wed Jul 12 2023 13:03:28 GMT-0400 (Eastern Daylight Time),null,https://getgeeky.thinkific.com/pages/my-resource-library
1wgUP2geEq,Wed Jul 12 2023 13:25:42 GMT-0400 (Eastern Daylight Time),Wed Jul 12 2023 13:25:42 GMT-0400 (Eastern Daylight Time),null,https://sitepagetemplates-dev.thinkific.com/pages/spt-icons
EgVSPB6Li3,Wed Jul 12 2023 13:25:42 GMT-0400 (Eastern Daylight Time),Wed Jul 12 2023 13:25:42 GMT-0400 (Eastern Daylight Time),null,https://sitepagetemplates-dev.thinkific.com/pages/kapowspt-test
7y7IhrXFwu,Wed Jul 12 2023 15:48:08 GMT-0400 (Eastern Daylight Time),Wed Jul 12 2023 15:48:08 GMT-0400 (Eastern Daylight Time),null,https://dzimirsky.hyperrealism-art.com/enrollments/
wNXo2FYc6A,Wed Jul 12 2023 23:36:52 GMT-0400 (Eastern Daylight Time),Wed Jul 12 2023 23:36:52 GMT-0400 (Eastern Daylight Time),null,https://www.training4911heroes.com/pages/training-resources
39Ocg2XqDf,Thu Jul 13 2023 11:38:49 GMT-0400 (Eastern Daylight Time),Thu Jul 13 2023 11:38:49 GMT-0400 (Eastern Daylight Time),null,https://www.elternacademy.com/pages/resource-test
as3FtlAk9a,Thu Jul 13 2023 12:44:12 GMT-0400 (Eastern Daylight Time),Thu Jul 13 2023 12:44:12 GMT-0400 (Eastern Daylight Time),null,https://fundraising.thinkific.com/collections
8TO8CFu5xT,Thu Jul 13 2023 13:37:25 GMT-0400 (Eastern Daylight Time),Thu Jul 13 2023 13:37:25 GMT-0400 (Eastern Daylight Time),null,https://fundraising.thinkific.com/collections/e0a958
QVH5xMR5FH,Thu Jul 13 2023 13:39:04 GMT-0400 (Eastern Daylight Time),Thu Jul 13 2023 13:39:04 GMT-0400 (Eastern Daylight Time),null,https://fundraising.thinkific.com/collections/
piRw5ZFdJW,Thu Jul 13 2023 14:36:55 GMT-0400 (Eastern Daylight Time),Thu Jul 13 2023 14:36:55 GMT-0400 (Eastern Daylight Time),null,https://www.stepcommunity.com/pages/step-for-universities
vPvVd7keUa,Thu Jul 13 2023 15:05:20 GMT-0400 (Eastern Daylight Time),Thu Jul 13 2023 15:05:20 GMT-0400 (Eastern Daylight Time),null,https://www.stepcommunity.com/pages/step-for-universities/
